property_id,neighborhood,property_type,bedrooms,bathrooms,square_feet,lot_size,age,stories,condition,garage_spaces,has_pool,has_fireplace,has_deck,has_fence,has_central_heat,has_central_air,years_since_roof_replaced,years_since_hvac_replaced,kitchen_updated,bathrooms_updated,has_hoa,hoa_fee,has_special_assessment,school_rating,walk_score,transit_score,listing_month,is_spring_summer,annual_tax,estimated_rent,days_on_market,price_reductions,is_foreclosure,has_lien,owner_occupied,num_distress_keywords,estimated_repair_cost,parking_type,heating_type,cooling_type,roof_type,foundation_type,flooring_type,exterior_type,water_source,sewer_type,listing_season,listed_price,true_market_value,spread,spread_percentage,predicted_market_value,predicted_spread,predicted_spread_pct,prediction_error,prediction_error_pct,distress_score,estimated_profit,opportunity_score
PROP_0685,Westport,Single Family,3,2.0,1680.0,7405.200000000001,35,2,Fair,2,0,0,0,1,1,1,23,20,1,0,0,0,0,7,62,52,7,1,46539,12915,20,1,1,0,1,0,71603,Carport,Gas,Central AC,Flat,Basement,Tile,Vinyl Siding,Municipal,Municipal,Summer,2299000.0,3187005,888005.0,27.86,3186992,887992.0,27.86,-13,-0.0,32.0,801389.0,142.26
PROP_0896,Greenwich,Single Family,4,2.0,2540.0,57499.2,24,2,Fair,3,1,1,1,1,1,1,13,15,1,0,0,0,0,9,31,29,7,1,42571,19050,60,2,1,0,1,0,91177,Driveway,Gas,,Metal,Basement,Carpet,Brick,Municipal,Municipal,Summer,3495000.0,4486722,991722.0,22.1,4486697,991697.0,22.1,-25,-0.0,46.0,885520.0,141.95
PROP_0257,Westport,Single Family,5,4.0,2578.0,26136.0,53,1,Fair,3,0,1,1,0,1,1,25,20,0,0,0,0,0,8,63,52,7,1,21049,9221,180,3,0,0,1,0,32881,Garage,Electric,,Asphalt Shingle,Crawl Space,Laminate,Vinyl Siding,Municipal,Municipal,Summer,1400000.0,1887385,487385.0,25.82,1887190,487190.0,25.82,-195,-0.01,48.0,439309.0,105.17
PROP_0219,Enfield,Townhouse,3,3.0,2142.0,33105.6,46,2,Fair,2,0,1,0,0,1,0,25,18,0,0,1,416,0,8,44,41,1,0,9016,3061,180,0,0,0,0,0,15462,Garage,Gas,Central AC,Asphalt Shingle,Basement,Carpet,Vinyl Siding,Municipal,Municipal,Winter,499900.0,771121,271221.0,35.17,770838,270938.0,35.15,-283,-0.04,18.0,240476.0,97.95
PROP_0196,Monroe,Single Family,2,2.0,2066.0,8712.0,47,2,Fair,1,0,0,0,1,1,1,17,20,1,0,0,0,0,7,24,17,5,1,11514,3176,10,1,1,0,1,0,10598,Garage,Electric,Central AC,Metal,Crawl Space,Carpet,Brick,Municipal,Municipal,Spring,529900.0,793881,263981.0,33.25,793932,264032.0,33.26,51,0.01,31.0,238434.0,96.56
PROP_0306,Darien,Single Family,6,5.0,4621.0,37026.0,51,2,Poor,3,0,0,0,1,0,0,25,20,1,1,0,0,0,7,69,56,1,0,35178,15714,90,0,1,0,1,0,146560,Driveway,Heat Pump,Window Units,Metal,Basement,Carpet,Wood,Municipal,Municipal,Winter,2500000.0,3153483,653483.0,20.72,3153550,653550.0,20.72,67,0.0,29.0,491990.0,96.44
PROP_0295,Suffield,Single Family,4,4.0,4089.0,60112.8,47,2,Fair,3,0,1,0,1,1,1,25,20,1,1,0,0,0,8,51,39,9,0,16853,4902,10,0,0,1,1,1,18936,Carport,Oil,Central AC,Metal,Crawl Space,Laminate,Brick,Municipal,Municipal,Summer,827000.0,1175414,348414.0,29.64,1175236,348236.0,29.63,-178,-0.02,21.0,314300.0,94.89
PROP_0390,Norwalk,Single Family,4,3.0,3202.0,33976.8,51,3,Fair,3,0,0,0,1,1,1,18,20,1,0,0,0,0,6,82,64,12,0,18623,5505,20,1,1,0,1,0,33069,Driveway,Gas,,Flat,Basement,Hardwood,Vinyl Siding,Municipal,Municipal,Fall,849900.0,1191121,341221.0,28.65,1190976,341076.0,28.64,-145,-0.01,32.0,293007.0,92.98
PROP_0628,Burlington,Townhouse,3,3.0,1402.0,66211.2,51,1,Fair,2,0,0,0,1,0,1,25,20,1,0,1,354,0,7,69,63,8,1,10856,2789,180,1,0,0,1,0,12349,Driveway,Gas,Central AC,Asphalt Shingle,Slab,Carpet,Stucco,Municipal,Municipal,Summer,449600.0,668816,219216.0,32.78,668788,219188.0,32.77,-28,-0.0,28.0,191839.0,90.32
PROP_0045,Greenwich,Single Family,5,5.0,3500.0,40510.8,50,2,Fair,3,0,0,1,1,1,0,25,20,0,0,0,0,0,8,84,71,3,0,29147,14309,180,2,0,0,1,1,116754,Driveway,Gas,Central AC,Tile,Slab,Tile,Brick,Municipal,Municipal,Winter,2395000.0,2956884,561884.0,19.0,2956826,561826.0,19.0,-58,-0.0,43.0,430072.0,89.61
PROP_0170,New Milford,Single Family,1,2.0,1644.0,558003.6,48,2,Fair,0,0,0,1,1,1,1,25,20,0,0,0,0,0,6,95,75,8,1,9007,4522,60,1,1,0,0,0,23259,Garage,Gas,Central AC,Asphalt Shingle,Basement,Carpet,Wood,Municipal,Septic,Summer,750000.0,1026165,276165.0,26.91,1026107,276107.0,26.91,-58,-0.01,36.0,237848.0,84.8
PROP_0974,East Hartford,Single Family,3,2.0,1434.0,2178.0,57,1,Poor,2,0,0,1,0,0,0,25,20,0,1,0,0,0,7,80,62,2,0,2993,1085,180,0,1,0,1,0,8207,Garage,Oil,Central AC,Asphalt Shingle,Crawl Space,Hardwood,Vinyl Siding,Municipal,Septic,Winter,169900.0,192960,23060.0,11.95,261216,91316.0,34.96,68256,35.37,38.0,68109.0,84.33
PROP_0718,Waterford,Single Family,4,3.0,2821.0,21344.4,51,1,Fair,3,0,0,1,0,1,0,25,20,0,0,0,0,0,8,66,62,3,0,6936,2495,20,0,0,1,1,0,10148,Garage,Electric,Central AC,Metal,Slab,Hardwood,Brick,Municipal,Municipal,Winter,410000.0,600274,190274.0,31.7,600174,190174.0,31.69,-100,-0.02,17.0,165026.0,83.28
PROP_0152,Watertown,Townhouse,4,3.0,2266.0,27007.2,50,1,Fair,3,0,0,0,1,0,0,25,20,0,1,1,210,0,7,34,30,1,0,11462,3076,180,0,0,0,1,0,15354,Street,Gas,Central AC,Flat,Slab,Carpet,Vinyl Siding,Well,Municipal,Winter,479900.0,688617,208717.0,30.31,688676,208776.0,30.32,59,0.01,18.0,178422.0,82.08
PROP_0623,Southington,Single Family,3,4.0,2326.0,23522.4,55,1,Fair,2,0,0,0,1,1,1,23,20,0,1,0,0,0,7,71,56,9,0,7009,2972,30,0,1,0,1,0,27675,Carport,Gas,Window Units,Asphalt Shingle,Slab,Tile,Wood,Municipal,Municipal,Summer,519900.0,740343,220443.0,29.78,739981,220081.0,29.74,-362,-0.05,23.0,177406.0,81.82
PROP_0902,Brookfield,Single Family,3,4.0,2899.0,18295.2,30,2,Fair,2,0,1,0,1,1,1,10,19,1,1,0,0,0,7,56,50,2,0,45898,19545,60,0,0,0,1,0,77039,Street,Gas,Central AC,Asphalt Shingle,Slab,Carpet,Vinyl Siding,Municipal,Septic,Winter,2974900.0,2943557,-31343.0,-1.06,3522647,547747.0,15.55,579090,19.67,6.0,455708.0,77.87
PROP_0877,Colchester,Single Family,3,3.0,1322.0,8712.0,57,1,Fair,2,0,0,0,0,1,0,19,20,0,1,0,0,0,7,40,31,1,0,6269,1807,180,0,0,0,1,0,17423,Driveway,Heat Pump,Central AC,Metal,Basement,Hardwood,Wood,Well,Municipal,Winter,304900.0,445699,140799.0,31.59,445427,140527.0,31.55,-272,-0.06,18.0,108104.0,77.51
PROP_0987,Norwalk,Single Family,2,2.0,1056.0,8712.0,52,1,Fair,1,0,0,0,0,0,0,25,20,0,0,0,0,0,8,41,31,2,0,4806,1703,90,0,1,0,0,0,12765,Driveway,Gas,Central AC,Metal,Basement,Hardwood,Brick,Municipal,Septic,Winter,269900.0,390261,120361.0,30.84,390176,120276.0,30.83,-85,-0.02,29.0,92511.0,76.71
PROP_0582,East Hampton,Single Family,4,4.0,4903.0,35719.2,46,2,Fair,3,0,0,1,0,1,0,21,18,1,0,0,0,0,7,63,48,3,0,15592,5822,30,2,0,1,1,1,46137,Driveway,Gas,Central AC,Asphalt Shingle,Crawl Space,Laminate,Vinyl Siding,Well,Municipal,Winter,975000.0,1257626,282626.0,22.47,1257575,282575.0,22.47,-51,-0.0,43.0,221438.0,75.68
PROP_0067,Westport,Single Family,4,3.0,3130.0,43560.0,55,3,Poor,3,0,0,0,0,1,0,25,20,0,1,0,0,0,8,74,72,8,1,32757,12468,20,0,1,0,1,1,185474,Garage,Gas,Central AC,Tile,Slab,Tile,Vinyl Siding,Municipal,Municipal,Summer,1995000.0,2847683,852683.0,29.94,2489982,494982.0,19.88,-357701,-12.56,27.0,294508.0,74.61
PROP_0337,Stamford,Townhouse,4,3.0,2110.0,10018.8,62,2,Poor,3,0,1,0,0,1,0,25,20,1,0,0,0,0,6,75,67,7,1,11493,4024,180,0,0,0,1,2,63454,Driveway,Gas,Window Units,Asphalt Shingle,Slab,Hardwood,Brick,Municipal,Municipal,Summer,640000.0,869205,229205.0,26.37,869137,229137.0,26.36,-68,-0.01,28.0,150683.0,73.39
PROP_0905,Middlefield,Single Family,3,2.0,1392.0,22215.6,63,1,Poor,2,0,1,1,0,0,1,25,20,1,0,0,0,0,7,46,45,5,1,6293,1823,10,1,0,1,0,1,13876,Driveway,Oil,Central AC,Asphalt Shingle,Basement,Hardwood,Vinyl Siding,Well,Septic,Spring,299900.0,421369,121469.0,28.83,421205,121305.0,28.8,-164,-0.04,31.0,92429.0,73.04
PROP_0766,Windsor,Townhouse,3,3.0,1622.0,797148.0,53,2,Fair,2,0,0,0,0,1,0,20,20,1,0,1,215,0,7,94,68,10,0,10233,2522,180,1,0,1,0,1,21634,Street,Gas,Central AC,Asphalt Shingle,Basement,Hardwood,Vinyl Siding,Municipal,Municipal,Fall,449900.0,602362,152462.0,25.31,602381,152481.0,25.31,19,0.0,48.0,115847.0,71.8
PROP_0922,Ridgefield,Single Family,3,2.0,1485.0,76230.0,43,1,Fair,2,0,0,1,0,1,0,24,20,1,0,0,0,0,6,75,57,8,1,15468,3435,10,1,0,1,1,0,17707,Driveway,Oil,Central AC,Metal,Crawl Space,Laminate,Wood,Municipal,Municipal,Summer,619900.0,822341,202441.0,24.62,822300,202400.0,24.61,-41,-0.0,26.0,169693.0,71.39
PROP_0255,New Canaan,Townhouse,3,2.0,1125.0,260488.8,46,1,Fair,2,0,1,0,1,1,1,25,20,1,0,0,0,0,7,16,13,7,1,23855,6282,20,3,1,0,1,0,24546,Carport,Electric,Central AC,Asphalt Shingle,Basement,Hardwood,Brick,Municipal,Municipal,Summer,1050000.0,1305820,255820.0,19.59,1305773,255773.0,19.59,-47,-0.0,52.0,216227.0,71.2
PROP_0167,Stratford,Single Family,4,3.0,2144.0,50529.6,58,1,Fair,3,0,0,0,1,0,0,25,20,1,1,0,0,0,7,84,71,4,1,7762,3308,60,0,0,1,1,0,22540,Driveway,Electric,Central AC,Asphalt Shingle,Basement,Hardwood,Vinyl Siding,Municipal,Municipal,Spring,529900.0,715441,185541.0,25.93,715396,185496.0,25.93,-45,-0.01,21.0,147956.0,70.86
PROP_0098,Bristol,Townhouse,3,2.0,1894.0,20037.6,47,1,Fair,2,0,1,0,1,1,0,25,20,0,1,1,188,0,7,39,35,6,1,6757,1849,180,1,0,0,1,0,6257,Garage,Oil,Central AC,Asphalt Shingle,Slab,Hardwood,Vinyl Siding,Municipal,Septic,Spring,289900.0,400776,110876.0,27.67,400776,110876.0,27.67,0,0.0,28.0,89619.0,69.9
PROP_0028,Trumbull,Single Family,3,3.0,2051.0,21780.0,53,2,Fair,2,0,1,0,1,0,1,25,20,1,0,0,0,0,5,27,19,11,0,13288,3248,60,1,0,1,1,0,14875,Garage,Oil,,Asphalt Shingle,Crawl Space,Tile,Vinyl Siding,Municipal,Municipal,Fall,565000.0,738963,173963.0,23.54,738972,173972.0,23.54,9,0.0,31.0,144097.0,67.69
PROP_0866,Fairfield,Single Family,4,3.0,2085.0,14810.4,61,2,Poor,3,0,1,1,0,0,1,22,20,1,0,0,0,0,9,54,45,4,1,14542,4559,60,1,1,0,1,0,50423,Garage,Gas,Central AC,Metal,Basement,Carpet,Stucco,Municipal,Municipal,Spring,719000.0,968616,249616.0,25.77,926294,207294.0,22.38,-42322,-4.37,36.0,141871.0,66.15
PROP_0631,Meriden,Condo,3,1.0,792.0,4791.6,57,1,Fair,2,0,0,0,0,1,0,18,20,0,1,1,120,0,8,68,58,10,0,2944,977,20,0,1,0,1,0,5821,Garage,Electric,Central AC,Asphalt Shingle,Slab,Hardwood,Brick,Municipal,Municipal,Fall,179900.0,250823,70923.0,28.28,250845,70945.0,28.28,22,0.01,22.0,50124.0,65.97
PROP_0147,Bristol,Townhouse,2,2.0,1092.0,8712.0,58,1,Fair,1,0,1,0,0,1,1,22,20,0,1,1,443,1,7,74,53,3,0,2722,831,10,0,1,0,0,0,4134,Street,Gas,Central AC,Asphalt Shingle,Crawl Space,Tile,Vinyl Siding,Well,Municipal,Winter,149900.0,210414,60514.0,28.76,210404,60504.0,28.76,-10,-0.0,21.0,41370.0,65.86
PROP_0740,Stamford,Single Family,2,2.0,1199.0,8712.0,58,1,Poor,1,0,1,1,1,0,1,25,20,0,0,0,0,0,8,66,53,12,0,9573,2756,10,2,1,0,0,0,19868,Carport,Heat Pump,Central AC,Tile,Crawl Space,Tile,Vinyl Siding,Municipal,Municipal,Fall,425000.0,482595,57595.0,11.93,555966,130966.0,23.56,73371,15.2,41.0,96098.0,64.93
PROP_0743,East Hampton,Single Family,3,3.0,3148.0,114562.8,54,2,Poor,2,1,1,0,1,0,1,25,20,0,1,0,0,0,5,77,61,2,0,2595,1131,30,2,0,1,0,0,13156,Carport,Gas,Central AC,Asphalt Shingle,Slab,Carpet,Vinyl Siding,Municipal,Municipal,Winter,199900.0,271649,71749.0,26.41,271695,71795.0,26.42,46,0.02,38.0,43639.0,64.8
PROP_0472,Westport,Single Family,6,8.0,6811.0,54014.4,43,3,Fair,3,0,0,0,1,1,1,21,20,1,0,0,0,0,7,37,25,10,0,54922,21076,90,0,0,0,1,0,163718,Driveway,Gas,Window Units,Metal,Basement,Carpet,Vinyl Siding,Municipal,Municipal,Fall,3790000.0,4339484,549484.0,12.66,4339410,549410.0,12.66,-74,-0.0,9.0,370692.0,64.19
PROP_0939,West Hartford,Single Family,4,4.0,2392.0,14374.8,56,2,Poor,3,0,0,0,0,1,1,21,20,1,0,0,0,0,6,59,56,3,0,15245,3400,60,0,1,0,1,0,27571,Driveway,Gas,Central AC,Flat,Slab,Hardwood,Vinyl Siding,Municipal,Septic,Winter,620000.0,800799,180799.0,22.58,800792,180792.0,22.58,-7,-0.0,26.0,138221.0,64.18
PROP_0771,Norwich,Single Family,3,2.0,1512.0,7840.799999999999,47,2,Fair,2,0,0,1,1,1,1,25,20,0,0,0,0,0,7,67,58,10,0,6034,1515,60,2,0,1,0,0,13602,Street,Oil,Central AC,Asphalt Shingle,Crawl Space,Tile,Stucco,Municipal,Municipal,Fall,249900.0,333512,83612.0,25.07,333494,83594.0,25.07,-18,-0.01,41.0,54992.0,63.84
PROP_0321,Plymouth,Condo,1,1.0,480.0,3920.4,47,1,Fair,0,0,0,0,1,1,1,24,20,1,0,1,418,0,7,54,47,7,1,1532,480,30,1,0,1,0,2,2552,Street,Heat Pump,Central AC,Tile,Crawl Space,Hardwood,Stucco,Municipal,Municipal,Summer,79900.0,98152,18252.0,18.6,109716,29816.0,27.18,11564,11.78,38.0,12264.0,63.19
PROP_0864,Sherman,Single Family,3,4.0,2400.0,104979.6,58,1,Fair,2,0,0,1,1,1,1,25,20,0,0,0,0,0,9,100,74,1,0,14050,4641,60,0,0,1,1,0,28349,Garage,Oil,Central AC,Asphalt Shingle,Basement,Carpet,Vinyl Siding,Municipal,Municipal,Winter,750000.0,952487,202487.0,21.26,952537,202537.0,21.26,50,0.01,21.0,159188.0,62.64
PROP_0580,Danbury,Townhouse,3,3.0,2103.0,8712.0,49,2,Poor,2,0,0,0,0,1,0,19,20,1,1,1,168,0,7,76,63,12,0,18308,4868,120,0,1,0,1,1,67855,Street,Oil,Window Units,Asphalt Shingle,Basement,Hardwood,Stucco,Municipal,Municipal,Fall,740450.0,938822,198372.0,21.13,938882,198432.0,21.13,60,0.01,37.0,115577.0,61.22
PROP_0936,Greenwich,Single Family,5,4.0,3446.0,21780.0,40,2,Poor,3,0,0,1,1,1,0,12,17,0,1,0,0,0,7,95,89,8,1,57774,19648,30,1,0,0,1,1,288348,Carport,Oil,Central AC,Flat,Slab,Tile,Vinyl Siding,Municipal,Septic,Summer,2995000.0,2949719,-45281.0,-1.54,3553613,558613.0,15.72,603894,20.47,18.0,255265.0,60.57
PROP_0837,Ellington,Single Family,3,3.0,1862.0,43560.0,51,2,Fair,2,0,0,1,0,1,0,25,20,1,1,0,0,0,5,83,79,2,0,6892,2293,10,0,0,1,1,0,10440,Carport,Electric,Central AC,Metal,Slab,Hardwood,Vinyl Siding,Municipal,Septic,Winter,359900.0,430966,71066.0,16.49,474696,114796.0,24.18,43730,10.15,16.0,89356.0,60.5
PROP_0171,Trumbull,Townhouse,2,2.0,1400.0,15245.999999999998,56,1,Fair,1,0,0,0,0,0,1,25,20,1,0,0,0,0,8,48,43,9,0,11684,3355,180,2,0,0,1,0,29834,Street,Oil,,Asphalt Shingle,Slab,Laminate,Wood,Municipal,Septic,Summer,574900.0,727172,152272.0,20.94,727238,152338.0,20.95,66,0.01,38.0,107504.0,60.25
PROP_0316,Canterbury,Single Family,2,2.0,1469.0,139392.0,64,1,Poor,1,0,0,0,0,1,1,25,20,0,0,0,0,0,9,54,51,11,0,4668,1952,120,0,1,0,1,0,37623,Garage,Gas,Central AC,Asphalt Shingle,Slab,Hardwood,Vinyl Siding,Municipal,Municipal,Fall,355000.0,466373,111373.0,23.88,466312,111312.0,23.87,-61,-0.01,32.0,58689.0,60.01
PROP_0603,East Hartford,Single Family,3,2.0,1850.0,14810.4,52,1,Fair,2,0,1,1,1,1,0,25,20,0,0,0,0,0,6,39,32,11,0,5318,1313,180,0,0,0,0,0,11320,Garage,Oil,Central AC,Metal,Crawl Space,Tile,Vinyl Siding,Municipal,Municipal,Fall,239900.0,321229,81329.0,25.32,321255,81355.0,25.32,26,0.01,18.0,55035.0,59.74
PROP_0775,New Fairfield,Condo,1,1.0,500.0,15245.999999999998,52,1,Poor,0,0,0,0,0,1,1,25,20,0,1,1,491,0,7,37,26,11,0,3650,981,10,2,0,1,0,1,8856,Driveway,Electric,Central AC,Asphalt Shingle,Slab,Carpet,Vinyl Siding,Well,Municipal,Fall,164900.0,216861,51961.0,23.96,216839,51939.0,23.95,-22,-0.01,41.0,28083.0,58.91
PROP_0078,Watertown,Townhouse,3,1.0,988.0,10018.8,58,1,Fair,2,0,1,0,1,0,0,25,20,0,0,0,0,0,9,33,28,10,0,4147,1692,180,1,0,0,0,0,8302,Driveway,Electric,Central AC,Asphalt Shingle,Crawl Space,Laminate,Vinyl Siding,Municipal,Municipal,Fall,259900.0,326808,66908.0,20.47,340229,80329.0,23.61,13421,4.11,28.0,57027.0,58.52
PROP_0318,Monroe,Townhouse,3,2.0,1799.0,44431.2,63,2,Poor,2,0,1,0,1,0,1,25,20,1,0,1,356,0,8,33,25,4,1,8221,2697,90,3,0,0,0,0,20752,Garage,Oil,Window Units,Asphalt Shingle,Slab,Hardwood,Vinyl Siding,Municipal,Municipal,Spring,409900.0,416928,7028.0,1.69,520740,110840.0,21.29,103812,24.9,39.0,75088.0,57.89
PROP_0413,Groton,Single Family,4,1.0,1000.0,20037.6,46,1,Poor,3,0,1,1,0,1,1,19,20,0,0,0,0,0,8,100,78,1,0,4841,1347,10,1,1,0,1,0,12854,Garage,Electric,Central AC,Flat,Crawl Space,Tile,Brick,Municipal,Municipal,Winter,210000.0,276017,66017.0,23.92,276006,66006.0,23.91,-11,-0.0,31.0,38152.0,57.84
PROP_0809,Vernon,Single Family,3,2.0,1528.0,30056.4,53,2,Poor,2,0,0,0,1,1,0,25,20,1,0,0,0,0,6,90,87,12,0,4196,1390,90,0,1,0,0,0,12834,Carport,Gas,Window Units,Tile,Slab,Hardwood,Brick,Municipal,Municipal,Fall,249900.0,326974,77074.0,23.57,326942,77042.0,23.56,-32,-0.01,29.0,49208.0,57.84
PROP_0654,Stonington,Single Family,3,2.0,1376.0,45302.4,56,1,Fair,2,0,1,1,0,0,0,25,20,1,1,0,0,0,7,59,52,12,0,5759,2734,10,1,1,0,0,0,14144,Street,Electric,Window Units,Asphalt Shingle,Basement,Carpet,Brick,Municipal,Municipal,Fall,430000.0,546974,116974.0,21.39,546974,116974.0,21.39,0,0.0,31.0,87830.0,57.76
PROP_0667,Torrington,Single Family,6,3.0,1566.0,6534.0,53,2,Poor,3,0,0,1,0,1,1,25,20,0,0,0,0,0,6,10,9,8,1,2747,1016,20,0,1,0,1,1,11465,Carport,Heat Pump,Central AC,Asphalt Shingle,Basement,Hardwood,Wood,Municipal,Septic,Summer,179000.0,236828,57828.0,24.42,236829,57829.0,24.42,1,0.0,27.0,31364.0,57.38
PROP_0660,Darien,Townhouse,3,3.0,1780.0,21780.0,56,1,Fair,2,0,0,0,0,1,0,25,20,0,0,0,0,0,8,85,65,9,0,18231,5684,10,3,0,0,0,1,30262,Carport,Gas,Central AC,Asphalt Shingle,Slab,Hardwood,Stucco,Municipal,Municipal,Summer,869000.0,849212,-19788.0,-2.33,1058048,189048.0,17.87,208836,24.59,36.0,143786.0,57.32
PROP_0774,Enfield,Single Family,2,2.0,1874.0,8712.0,58,1,Poor,1,0,0,0,1,1,0,25,20,1,0,0,0,0,8,90,87,8,1,9645,2611,10,2,1,0,1,0,45753,Carport,Heat Pump,Window Units,Asphalt Shingle,Crawl Space,Laminate,Vinyl Siding,Well,Municipal,Summer,469900.0,596514,126614.0,21.23,596471,126571.0,21.22,-43,-0.01,41.0,65818.0,57.22
PROP_0126,New Milford,Single Family,3,2.0,1776.0,8712.0,65,2,Poor,2,0,0,0,1,1,0,25,20,0,1,0,0,0,7,76,56,2,0,5672,1426,180,0,0,0,1,0,27138,Driveway,Gas,,Asphalt Shingle,Crawl Space,Tile,Brick,Municipal,Municipal,Winter,249000.0,330275,81275.0,24.61,330154,81154.0,24.58,-121,-0.04,18.0,39016.0,56.66
PROP_0708,Trumbull,Single Family,4,3.0,2000.0,44431.2,58,2,Fair,3,0,0,1,1,1,1,19,20,0,0,0,0,0,7,68,50,1,0,13496,3537,120,0,1,0,1,0,25160,Driveway,Electric,Central AC,Asphalt Shingle,Basement,Tile,Vinyl Siding,Well,Municipal,Winter,625000.0,776310,151310.0,19.49,776309,151309.0,19.49,-1,-0.0,32.0,111149.0,56.49
PROP_0997,North Stonington,Single Family,3,3.0,1786.0,10018.8,52,1,Fair,2,0,0,0,1,1,0,25,20,0,0,0,0,0,7,100,86,3,0,5815,2149,180,1,1,0,1,0,13257,Street,Gas,Central AC,Flat,Crawl Space,Carpet,Vinyl Siding,Well,Municipal,Winter,357900.0,448449,90549.0,20.19,448527,90627.0,20.21,78,0.02,48.0,62370.0,56.26
PROP_0502,Stratford,Single Family,3,1.0,1008.0,5227.2,47,1,Fair,2,0,1,0,0,1,1,18,20,0,1,0,0,0,7,65,58,4,1,4591,1673,30,2,0,1,1,1,14893,Driveway,Heat Pump,Window Units,Asphalt Shingle,Slab,Laminate,Brick,Well,Municipal,Spring,265000.0,338044,73044.0,21.61,337998,72998.0,21.6,-46,-0.01,43.0,43105.0,56.11
PROP_0788,Glastonbury,Single Family,3,2.0,1370.0,8712.0,57,1,Poor,2,0,0,1,1,0,1,25,20,0,0,0,0,0,8,43,31,9,0,4846,1385,180,1,0,0,0,2,8695,Garage,Electric,Central AC,Asphalt Shingle,Basement,Laminate,Vinyl Siding,Municipal,Municipal,Summer,215000.0,276812,61812.0,22.33,276693,61693.0,22.3,-119,-0.04,38.0,37998.0,56.0
PROP_0037,New Milford,Single Family,3,4.0,6057.0,50965.2,58,3,Fair,2,0,1,1,0,0,0,25,20,0,0,0,0,0,7,46,40,5,1,10611,4744,180,2,0,0,1,0,32254,Garage,Gas,Central AC,Tile,Basement,Laminate,Vinyl Siding,Municipal,Municipal,Spring,850000.0,1030405,180405.0,17.51,1030447,180447.0,17.51,42,0.0,38.0,133193.0,55.94
PROP_0275,Danbury,Single Family,3,2.0,1170.0,7840.799999999999,51,1,Fair,2,0,1,1,1,0,1,25,20,0,1,0,0,0,6,50,35,9,0,7209,2254,20,0,1,0,0,0,11568,Driveway,Gas,,Asphalt Shingle,Basement,Laminate,Wood,Municipal,Municipal,Summer,349000.0,518799,169799.0,32.73,447046,98046.0,21.93,-71753,-13.83,22.0,71478.0,55.41
PROP_0758,Westport,Townhouse,2,3.0,2437.0,8712.0,32,2,Fair,1,0,0,0,1,1,1,12,17,1,0,1,353,0,6,69,51,8,1,64326,18965,120,0,0,0,1,0,78397,Garage,Heat Pump,Central AC,Asphalt Shingle,Basement,Hardwood,Brick,Municipal,Municipal,Summer,3370500.0,3777408,406908.0,10.77,3777398,406898.0,10.77,-10,-0.0,12.0,313501.0,55.29
PROP_0858,Stratford,Single Family,3,1.0,1463.0,7405.200000000001,51,1,Fair,2,0,0,1,1,1,1,19,20,1,0,0,0,0,8,38,33,12,0,6929,2163,10,1,1,0,0,0,16309,Driveway,Oil,Central AC,Asphalt Shingle,Slab,Carpet,Vinyl Siding,Municipal,Municipal,Fall,355000.0,450978,95978.0,21.28,450961,95961.0,21.28,-17,-0.0,31.0,64652.0,55.23
PROP_0068,Montville,Single Family,3,2.0,1200.0,14810.4,61,1,Poor,2,0,0,1,1,1,1,21,20,0,1,0,0,0,7,75,66,4,1,6090,1676,30,0,1,0,0,0,13487,Driveway,Electric,Central AC,Metal,Slab,Tile,Brick,Municipal,Municipal,Spring,269900.0,348532,78632.0,22.56,348519,78619.0,22.56,-13,-0.0,23.0,50132.0,54.73
PROP_0356,Darien,Single Family,6,6.0,3873.0,21344.4,49,2,Fair,3,0,1,0,0,1,0,20,19,0,0,0,0,0,6,47,34,8,1,32134,15998,60,1,0,0,1,0,95432,Street,Gas,,Asphalt Shingle,Slab,Hardwood,Brick,Municipal,Municipal,Summer,2495000.0,2863098,368098.0,12.86,2862962,367962.0,12.85,-136,-0.0,16.0,257530.0,54.65
PROP_0519,New Milford,Townhouse,2,2.0,1026.0,8712.0,65,1,Distressed,1,0,0,0,1,1,1,25,20,0,0,1,158,0,8,63,55,8,1,2289,1233,90,0,0,1,1,1,15182,Garage,Oil,Window Units,Asphalt Shingle,Slab,Tile,Vinyl Siding,Municipal,Septic,Summer,187500.0,242856,55356.0,22.79,242884,55384.0,22.8,28,0.01,29.0,25202.0,53.92
PROP_0517,Brookfield,Single Family,4,3.0,1880.0,40075.2,54,2,Fair,3,0,1,1,1,0,1,25,20,0,0,0,0,0,8,22,16,2,0,12071,2704,60,0,1,0,0,0,26867,Street,Gas,Central AC,Asphalt Shingle,Crawl Space,Hardwood,Wood,Municipal,Septic,Winter,500000.0,625725,125725.0,20.09,625826,125826.0,20.11,101,0.02,26.0,83959.0,53.82
PROP_0256,Waterbury,Single Family,3,2.0,1272.0,6534.0,47,1,Fair,2,0,0,0,0,1,0,25,20,0,1,0,0,0,9,62,56,9,0,2609,1186,90,1,1,0,0,1,9321,Driveway,Gas,,Asphalt Shingle,Crawl Space,Carpet,Vinyl Siding,Municipal,Municipal,Summer,180000.0,239840,59840.0,24.95,227944,47944.0,21.03,-11896,-4.96,44.0,23623.0,53.22
PROP_0333,Westport,Single Family,5,9.0,7193.0,87120.0,43,2,Fair,3,0,0,1,1,1,1,22,17,0,0,0,0,0,8,27,20,5,1,87255,25581,10,0,0,0,1,2,167430,Driveway,Gas,Central AC,Asphalt Shingle,Crawl Space,Laminate,Brick,Municipal,Septic,Spring,3995000.0,4473216,478216.0,10.69,4473359,478359.0,10.69,143,0.0,11.0,295929.0,53.17
PROP_0719,Southbury,Townhouse,2,2.0,1432.0,8712.0,46,1,Fair,1,0,0,0,1,1,1,25,19,1,0,1,257,0,7,79,57,5,1,6451,2141,180,1,0,0,0,0,11342,Driveway,Electric,Central AC,Asphalt Shingle,Basement,Tile,Brick,Municipal,Municipal,Spring,325000.0,410111,85111.0,20.75,410035,85035.0,20.74,-76,-0.02,28.0,58693.0,52.95
PROP_0942,Watertown,Single Family,3,3.0,1778.0,16988.4,56,2,Poor,2,0,0,0,1,1,0,25,20,0,0,0,0,0,7,72,57,5,1,6913,2363,20,3,1,0,0,0,41509,Garage,Gas,Central AC,Flat,Crawl Space,Laminate,Wood,Municipal,Municipal,Spring,359900.0,395103,35203.0,8.91,447911,88011.0,19.65,52808,13.37,52.0,31502.0,52.85
PROP_0204,West Hartford,Single Family,4,2.0,2020.0,9147.6,59,1,Poor,3,0,0,1,1,1,1,25,20,1,0,0,0,0,7,62,48,4,1,4416,2003,180,0,1,0,1,0,14953,Carport,Gas,Central AC,Asphalt Shingle,Basement,Carpet,Vinyl Siding,Municipal,Municipal,Spring,314900.0,390469,75569.0,19.35,390447,75547.0,19.35,-22,-0.01,38.0,45594.0,50.86
PROP_0908,Mansfield,Single Family,3,3.0,1536.0,156816.0,48,2,Poor,2,0,1,1,0,1,1,20,20,0,1,0,0,0,7,38,33,6,1,6931,1901,60,1,1,0,0,0,34960,Street,Electric,Central AC,Asphalt Shingle,Crawl Space,Hardwood,Vinyl Siding,Municipal,Municipal,Spring,299900.0,377053,77153.0,20.46,376995,77095.0,20.45,-58,-0.02,36.0,27135.0,50.81
PROP_0677,Simsbury,Single Family,4,4.0,3985.0,60548.399999999994,54,2,Fair,3,0,0,1,1,1,0,25,20,1,1,0,0,0,6,100,98,6,1,9359,4089,20,1,0,0,0,0,21974,Garage,Oil,Window Units,Asphalt Shingle,Slab,Laminate,Vinyl Siding,Municipal,Municipal,Spring,619900.0,614216,-5684.0,-0.93,763090,143190.0,18.76,148874,24.24,12.0,106216.0,50.54
PROP_0639,Preston,Single Family,4,3.0,3315.0,5693291.999999999,51,3,Poor,3,0,1,0,1,1,0,25,20,0,0,0,0,0,6,58,48,7,1,11174,4838,10,0,1,1,0,2,53870,Driveway,Gas,Window Units,Metal,Slab,Tile,Brick,Municipal,Municipal,Summer,895000.0,1057993,162993.0,15.41,1057832,162832.0,15.39,-161,-0.02,46.0,93962.0,49.38
PROP_0845,Trumbull,Single Family,3,3.0,1896.0,10018.8,45,2,Fair,2,0,1,0,1,1,0,14,20,0,1,0,0,0,6,34,25,8,1,12912,4118,120,0,0,0,1,0,23270,Driveway,Gas,Central AC,Asphalt Shingle,Crawl Space,Tile,Brick,Municipal,Municipal,Summer,624900.0,711590,86690.0,12.18,765051,140151.0,18.32,53461,7.51,12.0,101881.0,49.23
PROP_0840,Washington,Single Family,7,7.0,5478.0,235224.00000000003,55,2,Fair,3,0,0,1,1,1,1,21,20,0,0,0,0,0,7,44,34,11,0,77220,19332,20,0,0,0,1,0,139581,Garage,Oil,Central AC,Asphalt Shingle,Crawl Space,Tile,Brick,Municipal,Municipal,Fall,3495000.0,3914488,419488.0,10.72,3914500,419500.0,10.72,12,0.0,2.0,264919.0,48.33
PROP_0033,Middlefield,Townhouse,1,1.0,530.0,8276.4,55,1,Fair,0,0,0,0,0,0,1,25,20,0,1,0,0,0,6,69,55,5,1,1974,712,10,1,0,1,1,0,7788,Garage,Gas,Window Units,Asphalt Shingle,Crawl Space,Laminate,Vinyl Siding,Municipal,Municipal,Spring,129900.0,164256,34356.0,20.92,164287,34387.0,20.93,31,0.02,26.0,11599.0,48.22
PROP_0310,Winchester,Single Family,5,3.0,2482.0,601128.0,57,2,Fair,3,0,0,1,1,1,0,25,20,0,1,0,0,0,9,58,54,1,0,5209,2211,10,1,1,0,0,0,13578,Garage,Heat Pump,Central AC,Asphalt Shingle,Slab,Hardwood,Vinyl Siding,Municipal,Municipal,Winter,365000.0,439137,74137.0,16.88,446798,81798.0,18.31,7661,1.74,31.0,53220.0,48.14
PROP_0021,Torrington,Townhouse,2,2.0,1095.0,8712.0,57,1,Fair,1,0,1,0,1,1,1,25,20,0,1,0,0,0,7,41,38,10,0,2126,781,20,0,1,0,0,0,5921,Driveway,Gas,Window Units,Asphalt Shingle,Basement,Tile,Brick,Municipal,Municipal,Fall,132900.0,168425,35525.0,21.09,168430,35530.0,21.09,5,0.0,22.0,14609.0,48.04
PROP_0911,Norwalk,Single Family,2,2.0,1218.0,7405.200000000001,42,1,Fair,1,0,1,0,1,1,1,25,20,0,1,0,0,0,7,90,82,7,1,5382,2733,180,0,0,0,1,0,15003,Driveway,Electric,Central AC,Asphalt Shingle,Slab,Carpet,Vinyl Siding,Municipal,Municipal,Summer,439000.0,538949,99949.0,18.55,538988,99988.0,18.55,39,0.01,18.0,69985.0,47.7
PROP_0311,Cromwell,Single Family,3,2.0,1448.0,8712.0,66,1,Distressed,2,0,0,1,1,1,1,25,20,0,0,0,0,0,9,99,73,12,0,2585,1295,90,1,0,1,1,0,35853,Driveway,Gas,Central AC,Asphalt Shingle,Slab,Carpet,Vinyl Siding,Municipal,Municipal,Fall,209900.0,263093,53193.0,20.22,263090,53190.0,20.22,-3,-0.0,34.0,2337.0,47.47
PROP_0817,Southington,Single Family,3,3.0,1228.0,27007.2,51,1,Poor,2,0,0,1,0,0,1,25,20,1,0,0,0,0,8,53,38,5,1,3833,1989,60,0,1,0,1,2,32490,Driveway,Oil,Central AC,Asphalt Shingle,Slab,Hardwood,Brick,Municipal,Septic,Spring,314900.0,386289,71389.0,18.48,386409,71509.0,18.51,120,0.03,36.0,24019.0,46.62
PROP_0226,West Hartford,Single Family,3,2.0,1556.0,13503.6,48,2,Fair,2,0,0,0,1,1,1,18,20,0,1,0,0,0,7,76,66,6,1,6340,2194,20,0,1,0,1,0,11902,Street,Gas,Central AC,Asphalt Shingle,Basement,Hardwood,Vinyl Siding,Municipal,Municipal,Spring,389900.0,476016,86116.0,18.09,476049,86149.0,18.1,33,0.01,22.0,59247.0,46.52
PROP_0828,Milford,Townhouse,3,3.0,2000.0,3920.4,55,2,Poor,2,0,1,0,1,1,0,25,20,0,0,1,188,1,7,26,21,3,0,8696,3447,90,3,1,0,0,0,46624,Garage,Gas,Central AC,Asphalt Shingle,Basement,Carpet,Wood,Municipal,Municipal,Winter,549900.0,650109,100209.0,15.41,650070,100170.0,15.41,-39,-0.01,59.0,38546.0,46.47
PROP_0537,Windsor,Single Family,2,2.0,1224.0,8712.0,61,1,Poor,1,0,1,0,0,1,1,25,20,0,1,0,0,0,7,35,33,4,1,5058,1356,30,3,1,0,0,0,19750,Driveway,Electric,Central AC,Asphalt Shingle,Slab,Carpet,Vinyl Siding,Municipal,Municipal,Spring,215000.0,258608,43608.0,16.86,258614,43614.0,16.86,6,0.0,53.0,8864.0,45.21
PROP_0100,Southington,Single Family,3,2.0,1929.0,16552.8,50,2,Poor,2,0,1,1,0,0,1,25,20,0,0,0,0,0,7,94,73,7,1,5875,2119,30,0,0,1,0,1,18565,Driveway,Heat Pump,Central AC,Tile,Basement,Hardwood,Vinyl Siding,Municipal,Septic,Summer,389000.0,473140,84140.0,17.78,473075,84075.0,17.77,-65,-0.01,23.0,50510.0,45.19
PROP_0197,Naugatuck,Townhouse,3,2.0,1338.0,3920.4,61,1,Poor,2,0,0,0,0,1,1,24,20,1,0,0,0,0,8,18,15,8,1,6336,1624,180,0,0,0,0,1,11400,Driveway,Gas,Central AC,Asphalt Shingle,Basement,Tile,Wood,Municipal,Septic,Summer,269900.0,330946,61046.0,18.45,331037,61137.0,18.47,91,0.03,23.0,34737.0,45.01
PROP_0328,Naugatuck,Single Family,5,3.0,1704.0,13503.6,55,1,Poor,3,0,0,1,1,1,0,25,20,1,1,0,0,0,8,47,35,5,1,5664,1951,180,1,0,0,1,1,34606,Garage,Electric,Window Units,Asphalt Shingle,Slab,Carpet,Brick,Municipal,Municipal,Spring,299900.0,360491,60591.0,16.81,366915,67015.0,18.26,6424,1.78,33.0,17409.0,44.86
PROP_0900,Bethel,Single Family,3,3.0,2400.0,8712.0,47,1,Poor,2,0,0,0,0,1,0,17,20,0,0,0,0,0,8,33,24,4,1,7320,2930,30,0,0,1,1,0,33111,Driveway,Gas,Window Units,Metal,Slab,Tile,Brick,Municipal,Municipal,Spring,527483.0,638591,111108.0,17.4,638615,111132.0,17.4,24,0.0,18.0,63021.0,44.7
PROP_0993,North Haven,Townhouse,3,3.0,1906.0,8712.0,59,2,Poor,2,0,1,0,1,1,0,25,20,0,0,1,458,0,7,74,61,5,1,6018,2856,20,3,1,0,1,0,26706,Garage,Gas,Central AC,Asphalt Shingle,Crawl Space,Laminate,Vinyl Siding,Municipal,Municipal,Spring,469900.0,552203,82303.0,14.9,552269,82369.0,14.91,66,0.01,52.0,40663.0,44.29
PROP_0737,Hartford,Single Family,8,2.0,3732.0,7405.200000000001,56,3,Poor,3,0,0,1,1,1,1,25,20,0,1,0,0,0,6,51,36,10,0,3680,1225,180,0,0,0,0,0,12720,Garage,Electric,Central AC,Asphalt Shingle,Slab,Laminate,Vinyl Siding,Municipal,Municipal,Fall,210000.0,234007,24007.0,10.26,259270,49270.0,19.0,25263,10.8,18.0,21550.0,43.76
PROP_0851,Prospect,Single Family,3,3.0,2800.0,47044.8,48,2,Poor,2,1,1,0,0,1,0,21,20,1,1,0,0,0,7,38,37,3,0,7824,2817,180,0,0,1,0,1,48524,Driveway,Electric,Central AC,Metal,Crawl Space,Carpet,Brick,Municipal,Municipal,Winter,489975.0,585604,95629.0,16.33,585667,95692.0,16.34,63,0.01,38.0,32168.0,43.5
PROP_0656,Glastonbury,Single Family,4,3.0,2228.0,24829.199999999997,54,1,Poor,3,0,0,1,0,1,1,25,20,0,0,0,0,0,6,39,31,2,0,6417,2498,180,0,0,0,1,0,32425,Carport,Oil,Central AC,Asphalt Shingle,Basement,Carpet,Vinyl Siding,Municipal,Municipal,Winter,384900.0,490401,105501.0,21.51,469228,84328.0,17.97,-21173,-4.32,18.0,36903.0,43.23
PROP_0433,Milford,Single Family,4,3.0,2886.0,3920.4,46,1,Fair,3,0,1,1,1,1,1,25,20,0,1,0,0,0,7,49,48,3,0,45791,15478,20,3,0,0,1,0,137348,Garage,Electric,,Asphalt Shingle,Crawl Space,Tile,Wood,Municipal,Municipal,Winter,2759000.0,3071605,312605.0,10.18,3071558,312558.0,10.18,-47,-0.0,32.0,160210.0,42.78
PROP_0626,Stamford,Single Family,4,2.0,1588.0,13939.2,62,1,Poor,3,0,0,0,0,1,0,25,20,1,1,0,0,0,8,15,12,2,0,8667,2939,30,1,0,0,1,1,36775,Garage,Electric,Central AC,Tile,Basement,Laminate,Vinyl Siding,Municipal,Municipal,Winter,460000.0,497979,37979.0,7.63,555543,95543.0,17.2,57564,11.56,18.0,43768.0,42.38
PROP_0056,New Britain,Single Family,3,2.0,2240.0,8712.0,64,1,Poor,2,0,1,1,1,0,1,25,20,1,1,0,0,0,7,87,85,2,0,7045,1686,120,1,0,1,1,0,15044,Street,Electric,Central AC,Asphalt Shingle,Slab,Laminate,Brick,Municipal,Municipal,Winter,299900.0,357327,57427.0,16.07,357326,57426.0,16.07,-1,-0.0,37.0,27382.0,42.28
PROP_0234,Weston,Single Family,4,5.0,4750.0,87555.59999999999,53,2,Fair,3,0,0,1,0,0,1,25,20,1,0,0,0,0,7,51,46,1,0,42372,11383,120,0,0,0,0,0,119140,Driveway,Electric,,Asphalt Shingle,Basement,Laminate,Wood,Municipal,Municipal,Winter,2100000.0,2386435,286435.0,12.0,2386177,286177.0,11.99,-258,-0.01,12.0,152037.0,41.58
PROP_0434,Avon,Single Family,4,5.0,2888.0,87555.59999999999,65,2,Poor,3,0,1,1,0,0,1,25,20,0,1,0,0,0,6,36,35,3,0,9143,3020,180,2,0,0,1,1,40890,Street,Gas,Window Units,Asphalt Shingle,Basement,Tile,Vinyl Siding,Well,Septic,Winter,519900.0,609750,89850.0,14.74,609747,89847.0,14.74,-3,-0.0,43.0,33957.0,41.48
PROP_0440,Griswold,Townhouse,3,4.0,2064.0,273556.8,44,2,Fair,2,0,0,0,1,1,1,25,20,0,0,1,232,0,8,27,23,6,1,24859,6577,10,2,0,0,1,0,31798,Driveway,Gas,Window Units,Asphalt Shingle,Basement,Hardwood,Brick,Well,Septic,Spring,1100000.0,1260763,160763.0,12.75,1260706,160706.0,12.75,-57,-0.0,21.0,113908.0,41.09
PROP_0471,Hamden,Single Family,4,2.0,1400.0,16117.2,52,1,Fair,3,0,0,1,1,1,0,25,20,1,0,0,0,0,8,80,63,8,1,3991,1762,20,1,1,0,1,0,17577,Garage,Oil,Central AC,Flat,Slab,Carpet,Brick,Well,Municipal,Summer,295000.0,350602,55602.0,15.86,350449,55449.0,15.82,-153,-0.04,32.0,22872.0,40.33
PROP_0883,Stamford,Single Family,4,3.0,2550.0,48351.600000000006,47,1,Fair,3,0,0,1,1,1,1,25,20,1,0,0,0,0,8,78,61,11,0,7936,3589,20,2,0,0,0,0,14164,Garage,Gas,Central AC,Asphalt Shingle,Slab,Tile,Vinyl Siding,Municipal,Septic,Fall,575000.0,572879,-2121.0,-0.37,672231,97231.0,14.46,99352,17.34,22.0,68067.0,40.13
PROP_0188,Bristol,Single Family,6,2.0,2400.0,3920.4,49,2,Fair,3,0,0,0,1,1,0,25,20,0,1,0,0,0,7,55,47,8,1,3839,1681,10,0,0,1,1,2,6195,Garage,Gas,Window Units,Asphalt Shingle,Slab,Hardwood,Vinyl Siding,Municipal,Municipal,Summer,277000.0,329441,52441.0,15.92,329339,52339.0,15.89,-102,-0.03,26.0,31144.0,40.09
PROP_0527,Ledyard,Single Family,4,4.0,3388.0,60112.8,51,2,Fair,3,1,1,1,1,1,1,25,20,1,1,0,0,0,7,75,74,9,0,8475,2235,20,0,0,0,0,2,18353,Street,Gas,Central AC,Tile,Basement,Hardwood,Brick,Municipal,Municipal,Summer,340000.0,356419,16419.0,4.61,409246,69246.0,16.92,52827,14.82,12.0,35893.0,39.83
PROP_0753,North Haven,Townhouse,3,3.0,1906.0,8712.0,59,1,Fair,2,0,1,0,0,1,0,25,20,1,0,1,419,0,9,82,65,8,1,5705,2716,90,3,0,0,0,0,22514,Garage,Gas,Central AC,Asphalt Shingle,Slab,Tile,Brick,Municipal,Municipal,Summer,444900.0,476576,31676.0,6.65,517797,72897.0,14.08,41221,8.65,39.0,35383.0,39.5
PROP_0988,Meriden,Condo,1,1.0,668.0,8712.0,16,1,Good,0,0,1,0,0,1,1,11,7,0,1,1,201,0,8,27,22,9,0,22638,7297,20,0,0,0,1,0,28694,Garage,Electric,Central AC,Asphalt Shingle,Basement,Carpet,Vinyl Siding,Well,Municipal,Summer,1300000.0,1485024,185024.0,12.46,1485047,185047.0,12.46,23,0.0,2.0,141353.0,39.46
PROP_0203,Orange,Single Family,2,3.0,1150.0,8712.0,53,1,Fair,1,0,0,0,1,0,1,25,20,0,1,0,0,0,6,82,78,9,0,4117,1150,180,3,0,0,0,0,5878,Garage,Electric,Window Units,Asphalt Shingle,Slab,Laminate,Stucco,Municipal,Septic,Summer,186000.0,217284,31284.0,14.4,217236,31236.0,14.38,-48,-0.02,48.0,10358.0,39.4
PROP_0195,New Haven,Townhouse,3,1.0,1673.0,4356.0,63,2,Distressed,2,0,1,0,0,0,0,25,20,1,1,1,373,0,7,43,31,5,1,3899,1093,60,1,0,1,1,0,14823,Garage,Gas,Central AC,Asphalt Shingle,Basement,Carpet,Vinyl Siding,Municipal,Municipal,Spring,168900.0,201771,32871.0,16.29,201843,32943.0,16.32,72,0.04,31.0,3120.0,39.15
PROP_0581,Guilford,Single Family,4,4.0,3200.0,43995.6,54,3,Fair,3,0,1,1,1,1,0,25,20,0,0,0,0,0,6,72,54,8,1,15626,5420,60,2,0,0,0,1,20532,Carport,Gas,Window Units,Asphalt Shingle,Slab,Carpet,Wood,Municipal,Septic,Summer,824900.0,939479,114579.0,12.2,939384,114484.0,12.19,-95,-0.01,31.0,78952.0,38.48
PROP_0008,Scotland,Townhouse,3,2.0,1848.0,87120.0,45,2,Poor,2,0,0,0,0,1,1,21,20,1,0,1,250,0,8,51,44,3,0,10544,2830,180,0,0,0,1,0,47852,Garage,Electric,Central AC,Asphalt Shingle,Slab,Laminate,Vinyl Siding,Municipal,Municipal,Winter,429000.0,512976,83976.0,16.37,512964,83964.0,16.37,-12,-0.0,18.0,21112.0,38.45
PROP_0609,Hartford,Single Family,9,3.0,4344.0,5227.2,57,2,Poor,3,0,0,0,1,1,1,21,20,0,0,0,0,0,5,31,21,2,0,3973,1955,180,0,0,1,0,0,35354,Carport,Gas,Central AC,Tile,Crawl Space,Carpet,Brick,Well,Municipal,Winter,319900.0,377992,58092.0,15.37,377961,58061.0,15.36,-31,-0.01,33.0,7707.0,38.09
PROP_0475,Wilton,Single Family,3,1.0,1188.0,31798.8,60,1,Poor,2,0,1,1,0,1,0,19,20,0,1,0,0,0,5,85,79,8,1,8326,2793,180,3,0,0,1,0,52792,Driveway,Gas,Central AC,Asphalt Shingle,Basement,Laminate,Brick,Well,Municipal,Summer,479900.0,555578,75678.0,13.62,555558,75658.0,13.62,-20,-0.0,48.0,7866.0,37.63
PROP_0088,Southbury,Single Family,2,2.0,1044.0,8712.0,47,1,Poor,1,0,1,1,0,1,1,25,19,1,0,0,0,0,7,66,57,8,1,3044,1512,10,0,1,0,0,1,23762,Street,Oil,Window Units,Metal,Basement,Tile,Vinyl Siding,Municipal,Municipal,Summer,230000.0,261309,31309.0,11.98,273662,43662.0,15.95,12353,4.73,26.0,4900.0,37.59
PROP_0614,Bridgeport,Single Family,3,2.0,1604.0,7405.200000000001,55,2,Poor,2,0,0,0,0,1,1,25,20,1,0,0,0,0,6,59,47,10,0,3834,1812,30,2,1,0,0,2,16684,Garage,Gas,Central AC,Asphalt Shingle,Basement,Carpet,Vinyl Siding,Municipal,Municipal,Fall,289900.0,332755,42855.0,12.88,332689,42789.0,12.86,-66,-0.02,53.0,11105.0,37.43
PROP_0158,Stafford Springs,Condo,2,1.0,768.0,1896602.4,49,1,Fair,1,0,1,0,0,1,1,18,20,0,0,1,169,0,6,52,43,3,0,9746,3603,10,2,0,0,1,0,11853,Driveway,Oil,,Asphalt Shingle,Crawl Space,Tile,Vinyl Siding,Municipal,Municipal,Winter,549900.0,552427,2527.0,0.46,636270,86370.0,13.57,83843,15.18,21.0,59517.0,37.29
PROP_0601,Milford,Condo,1,1.0,902.0,8712.0,47,1,Poor,0,0,0,0,1,1,1,25,20,0,1,1,161,0,6,41,33,8,1,4598,1607,180,2,1,0,1,0,22359,Garage,Oil,Central AC,Asphalt Shingle,Basement,Carpet,Wood,Municipal,Municipal,Summer,264900.0,299495,34595.0,11.55,302892,37992.0,12.54,3397,1.13,58.0,633.0,36.74
PROP_0260,South Windsor,Single Family,4,3.0,3123.0,40075.2,60,2,Poor,3,0,0,1,0,1,1,25,20,0,0,0,0,0,8,79,57,2,0,13012,4046,60,1,1,0,1,0,35744,Garage,Heat Pump,Central AC,Asphalt Shingle,Slab,Carpet,Vinyl Siding,Municipal,Municipal,Winter,669000.0,904100,235100.0,26.0,761165,92165.0,12.11,-142935,-15.81,36.0,41421.0,35.56
PROP_0791,New Haven,Single Family,5,3.0,1200.0,4356.0,52,1,Fair,3,0,0,0,0,1,1,16,20,0,1,0,0,0,5,94,87,5,1,3186,1369,90,3,0,0,1,0,9618,Garage,Gas,Central AC,Metal,Slab,Carpet,Stucco,Municipal,Municipal,Spring,220000.0,252432,32432.0,12.85,252423,32423.0,12.84,-9,-0.0,39.0,7805.0,34.26
PROP_0006,Mansfield,Single Family,4,3.0,2745.0,65775.6,54,2,Fair,3,0,1,0,1,1,1,25,20,1,0,0,0,0,8,78,64,10,0,8360,3927,120,1,0,0,1,1,35154,Driveway,Gas,Central AC,Asphalt Shingle,Slab,Hardwood,Wood,Municipal,Septic,Fall,599000.0,685354,86354.0,12.6,685434,86434.0,12.61,80,0.01,27.0,36280.0,34.25
PROP_0228,Stamford,Single Family,4,4.0,3987.0,43560.0,53,2,Fair,3,0,1,0,1,1,1,25,20,1,0,0,0,0,6,62,49,11,0,20169,6256,30,2,0,0,1,0,29536,Garage,Heat Pump,Central AC,Flat,Slab,Hardwood,Brick,Municipal,Septic,Fall,975000.0,1094906,119906.0,10.95,1094966,119966.0,10.96,60,0.01,23.0,75430.0,34.06
PROP_0697,Middletown,Single Family,2,2.0,1028.0,8712.0,49,1,Fair,1,0,0,1,0,1,1,17,20,1,1,0,0,0,7,43,42,10,0,3118,1030,10,2,0,0,1,2,7484,Driveway,Gas,Central AC,Metal,Basement,Carpet,Vinyl Siding,Well,Septic,Fall,159999.0,157712,-2287.0,-1.45,185061,25062.0,13.54,27349,17.34,31.0,2578.0,33.54
PROP_0029,Fairfield,Single Family,4,3.0,4336.0,45302.4,45,2,Fair,3,1,0,0,0,1,1,23,20,1,1,0,0,0,8,46,43,11,0,32661,9099,20,0,0,0,0,0,66073,Driveway,Gas,Central AC,Asphalt Shingle,Crawl Space,Tile,Vinyl Siding,Municipal,Municipal,Fall,1499000.0,1687678,188678.0,11.18,1687692,188692.0,11.18,14,0.0,2.0,107619.0,33.52
PROP_0992,West Hartford,Single Family,4,5.0,2917.0,44431.2,47,1,Fair,3,0,0,1,0,1,1,14,20,1,0,0,0,0,5,32,28,10,0,8283,3666,10,1,0,0,0,0,17290,Driveway,Gas,,Tile,Basement,Carpet,Vinyl Siding,Municipal,Municipal,Fall,625000.0,714971,89971.0,12.58,714925,89925.0,12.58,-46,-0.01,11.0,57635.0,33.12
PROP_0118,Plainfield,Single Family,2,2.0,1580.0,8712.0,55,2,Fair,1,0,0,0,0,1,1,25,20,0,0,0,0,0,7,61,50,11,0,7578,2059,180,2,0,0,0,0,16994,Driveway,Electric,Central AC,Asphalt Shingle,Slab,Laminate,Vinyl Siding,Municipal,Municipal,Fall,319000.0,362955,43955.0,12.11,363089,44089.0,12.14,134,0.04,38.0,12095.0,33.09
PROP_0982,New Haven,Single Family,8,4.0,6830.0,18295.2,58,2,Fair,3,0,0,1,0,1,1,24,20,0,1,0,0,0,7,51,46,5,1,26786,8440,20,1,0,0,0,1,49328,Street,Electric,Central AC,Asphalt Shingle,Basement,Carpet,Vinyl Siding,Municipal,Municipal,Spring,1390000.0,1547395,157395.0,10.17,1547398,157398.0,10.17,3,0.0,17.0,93070.0,33.05
PROP_0121,Newtown,Single Family,4,3.0,2760.0,87120.0,57,2,Fair,3,1,1,1,0,1,1,25,20,1,1,0,0,0,6,48,46,9,0,10228,4099,20,1,0,0,1,0,31804,Garage,Heat Pump,,Asphalt Shingle,Crawl Space,Carpet,Brick,Municipal,Septic,Summer,739900.0,844954,105054.0,12.43,844776,104876.0,12.41,-178,-0.02,12.0,58072.0,33.03
PROP_0822,Groton,Townhouse,3,1.0,1905.0,46609.2,51,2,Fair,2,0,0,0,0,1,1,21,20,1,1,1,181,0,5,78,65,1,0,3487,1730,10,2,0,0,0,1,14853,Garage,Electric,Central AC,Asphalt Shingle,Slab,Carpet,Wood,Municipal,Municipal,Winter,265000.0,273700,8700.0,3.18,305791,40791.0,13.34,32091,11.72,26.0,10938.0,32.97
PROP_0897,Manchester,Single Family,3,2.0,1120.0,13068.0,62,1,Poor,2,0,0,1,1,0,0,24,20,0,0,0,0,0,7,83,64,12,0,6033,1387,90,0,1,0,1,0,23292,Street,Heat Pump,Central AC,Metal,Slab,Hardwood,Vinyl Siding,Municipal,Municipal,Fall,249000.0,287710,38710.0,13.45,287708,38708.0,13.45,-2,-0.0,29.0,416.0,32.74
PROP_0973,Chester,Condo,2,1.0,458.0,4356.0,49,1,Poor,1,0,1,0,0,1,0,20,20,0,0,1,498,0,8,86,85,7,1,2288,988,90,0,0,0,0,0,9372,Garage,Oil,Central AC,Asphalt Shingle,Basement,Tile,Wood,Municipal,Municipal,Summer,149900.0,158238,8338.0,5.27,176994,27094.0,15.31,18756,11.85,9.0,2722.0,32.69
PROP_0977,Ridgefield,Single Family,5,4.0,4017.0,80150.40000000001,53,2,Fair,3,1,0,1,0,0,0,18,20,1,0,0,0,0,8,37,36,6,1,20357,7272,30,0,0,0,0,1,66632,Street,Heat Pump,Window Units,Asphalt Shingle,Crawl Space,Laminate,Vinyl Siding,Municipal,Municipal,Spring,1159000.0,1133944,-25056.0,-2.21,1314039,155039.0,11.8,180095,15.88,8.0,73407.0,32.54
PROP_0049,Newtown,Single Family,5,6.0,5016.0,117612.0,57,2,Poor,3,0,0,1,0,1,0,23,20,0,0,0,0,0,7,55,53,9,0,23952,7907,30,1,0,1,1,2,139096,Street,Gas,,Metal,Basement,Hardwood,Vinyl Siding,Municipal,Municipal,Summer,1200000.0,1363270,163270.0,11.98,1363323,163323.0,11.98,53,0.0,38.0,9227.0,32.48
PROP_0423,Kent,Townhouse,4,3.0,2272.0,397702.8000000001,58,2,Fair,3,0,1,0,1,1,0,18,20,1,0,1,355,0,7,63,46,5,1,20044,5271,10,1,0,0,1,0,28976,Garage,Electric,Central AC,Asphalt Shingle,Basement,Carpet,Brick,Municipal,Septic,Spring,900000.0,1016410,116410.0,11.45,1016344,116344.0,11.45,-66,-0.01,11.0,72368.0,32.34
PROP_0846,West Hartford,Single Family,2,2.0,1402.0,8712.0,42,1,Fair,1,0,1,0,0,1,0,22,20,0,0,0,0,0,7,59,46,8,1,13576,4024,60,0,0,0,0,2,15130,Garage,Gas,Window Units,Asphalt Shingle,Slab,Tile,Brick,Well,Septic,Summer,679900.0,768650,88750.0,11.55,768644,88744.0,11.55,-6,-0.0,16.0,58614.0,32.16
PROP_0512,New Milford,Single Family,3,2.0,1556.0,18730.8,44,2,Fair,2,0,0,0,1,1,1,25,20,1,1,0,0,0,5,21,19,3,0,7124,2639,60,1,0,0,0,3,21358,Garage,Heat Pump,Central AC,Asphalt Shingle,Basement,Carpet,Vinyl Siding,Well,Septic,Winter,439000.0,497122,58122.0,11.69,497130,58130.0,11.69,8,0.0,31.0,21772.0,31.76
PROP_0865,Tolland,Single Family,3,3.0,1312.0,37026.0,52,1,Fair,2,0,0,0,0,1,1,16,20,1,0,0,0,0,5,63,50,11,0,5762,1669,30,0,0,0,1,1,7686,Garage,Gas,Window Units,Asphalt Shingle,Slab,Hardwood,Vinyl Siding,Municipal,Municipal,Fall,284900.0,313380,28480.0,9.09,330812,45912.0,13.88,17432,5.56,8.0,23226.0,31.68
PROP_0160,Waterbury,Single Family,3,3.0,1274.0,8712.0,54,1,Poor,2,0,0,0,0,1,1,25,20,0,0,0,0,0,5,57,49,10,0,3543,1566,180,0,0,0,1,0,21143,Street,Oil,Central AC,Asphalt Shingle,Crawl Space,Hardwood,Brick,Municipal,Municipal,Fall,239900.0,278479,38579.0,13.85,278527,38627.0,13.87,48,0.02,18.0,2484.0,31.59
PROP_0688,Norwalk,Single Family,4,3.0,3045.0,27442.8,54,2,Fair,3,1,1,1,0,1,1,25,20,0,0,0,0,0,7,13,12,11,0,15113,4467,30,0,0,0,0,2,39980,Garage,Electric,Central AC,Metal,Basement,Hardwood,Vinyl Siding,Municipal,Municipal,Fall,750000.0,852899,102899.0,12.06,852922,102922.0,12.07,23,0.0,13.0,47942.0,31.53
PROP_0424,Watertown,Single Family,4,4.0,3423.0,30491.999999999996,58,2,Fair,3,1,1,1,0,0,1,25,20,0,0,0,0,0,6,79,66,2,0,8891,2836,90,1,0,0,1,0,19195,Garage,Gas,Central AC,Asphalt Shingle,Slab,Carpet,Stucco,Municipal,Municipal,Winter,490000.0,557063,67063.0,12.04,556982,66982.0,12.03,-81,-0.01,19.0,32787.0,31.14
PROP_0841,Fairfield,Single Family,4,3.0,2000.0,12632.4,59,2,Fair,3,0,0,1,0,0,0,25,20,0,1,0,0,0,7,62,60,7,1,15214,4431,90,1,0,0,1,0,45647,Street,Heat Pump,Central AC,Asphalt Shingle,Slab,Hardwood,Wood,Municipal,Municipal,Summer,799000.0,902598,103598.0,11.48,902518,103518.0,11.47,-80,-0.01,19.0,42871.0,31.03
PROP_0566,Wallingford,Single Family,5,2.0,1603.0,9583.2,50,2,Fair,3,0,1,0,0,1,1,15,20,0,1,0,0,0,6,84,59,10,0,7145,1888,120,1,0,0,1,0,11137,Street,Heat Pump,Central AC,Asphalt Shingle,Basement,Carpet,Vinyl Siding,Municipal,Municipal,Fall,324900.0,369412,44512.0,12.05,369184,44284.0,12.0,-228,-0.06,22.0,18147.0,30.21
PROP_0114,Trumbull,Single Family,3,3.0,2465.0,8712.0,59,2,Fair,2,0,0,1,0,1,1,25,20,0,0,0,0,0,7,41,31,2,0,13961,5686,90,0,0,0,0,0,49058,Garage,Gas,Central AC,Asphalt Shingle,Crawl Space,Tile,Vinyl Siding,Municipal,Municipal,Winter,869995.0,983922,113927.0,11.58,983895,113900.0,11.58,-27,-0.0,9.0,49842.0,29.94
PROP_0479,Danbury,Single Family,3,1.0,1092.0,8712.0,45,1,Fair,2,0,0,0,1,1,1,25,19,0,0,0,0,0,9,16,12,12,0,5994,2160,120,1,0,0,0,2,18533,Garage,Electric,Central AC,Flat,Basement,Hardwood,Wood,Municipal,Municipal,Fall,349900.0,351144,1244.0,0.35,393982,44082.0,11.19,42838,12.2,32.0,10549.0,29.83
PROP_0392,Bridgeport,Single Family,3,3.0,1485.0,17859.6,56,1,Fair,2,0,0,0,1,0,1,25,20,1,0,0,0,0,7,50,49,6,1,4486,1533,120,1,0,0,0,0,15302,Street,Gas,,Asphalt Shingle,Crawl Space,Carpet,Stucco,Municipal,Municipal,Spring,259000.0,295795,36795.0,12.44,295570,36570.0,12.37,-225,-0.08,22.0,6268.0,29.77
PROP_0773,East Hartford,Single Family,3,1.0,1336.0,9583.2,48,1,Fair,2,0,1,1,1,1,1,22,20,0,0,0,0,0,6,62,44,7,1,2721,1415,20,2,0,0,1,0,10647,Garage,Electric,Central AC,Asphalt Shingle,Crawl Space,Hardwood,Vinyl Siding,Municipal,Municipal,Summer,215000.0,245456,30456.0,12.41,245263,30263.0,12.34,-193,-0.08,22.0,4616.0,29.54
PROP_0241,Groton,Single Family,4,3.0,3093.0,39639.6,57,2,Fair,3,0,0,1,0,1,0,25,20,1,1,0,0,0,6,88,75,9,0,12542,5132,90,0,0,0,1,1,22720,Garage,Gas,Central AC,Asphalt Shingle,Slab,Carpet,Brick,Municipal,Municipal,Summer,800000.0,894308,94308.0,10.55,894298,94298.0,10.54,-10,-0.0,14.0,56578.0,29.54
PROP_0867,Shelton,Single Family,4,3.0,3000.0,27878.4,53,2,Poor,3,0,1,1,1,1,0,25,20,1,1,0,0,0,9,78,57,3,0,17839,5249,10,0,0,0,1,0,39864,Street,Electric,Central AC,Asphalt Shingle,Basement,Hardwood,Vinyl Siding,Municipal,Municipal,Winter,799999.0,739123,-60876.0,-8.24,908752,108753.0,11.97,169629,22.95,1.0,53889.0,29.53
PROP_0386,Litchfield,Single Family,3,3.0,2100.0,66211.2,57,1,Fair,2,0,1,1,1,0,1,25,20,1,1,0,0,0,9,49,42,10,0,11770,2848,120,2,0,0,0,0,28773,Driveway,Gas,Central AC,Asphalt Shingle,Slab,Tile,Wood,Municipal,Municipal,Fall,499000.0,558632,59632.0,10.67,558681,59681.0,10.68,49,0.01,32.0,15908.0,29.35
PROP_0252,Watertown,Townhouse,3,3.0,1826.0,53578.8,57,1,Fair,2,0,0,0,1,1,1,25,20,1,0,1,166,0,5,28,23,11,0,5806,2115,30,1,0,0,1,1,10455,Street,Electric,Central AC,Asphalt Shingle,Crawl Space,Carpet,Vinyl Siding,Municipal,Septic,Fall,369000.0,417685,48685.0,11.66,417684,48684.0,11.66,-1,-0.0,18.0,23229.0,29.24
PROP_0458,Derby,Single Family,3,2.0,1253.0,7840.799999999999,57,1,Fair,2,0,0,0,1,1,0,25,20,0,1,0,0,0,7,89,86,8,1,3876,1434,120,0,0,0,1,0,10634,Driveway,Gas,Central AC,Asphalt Shingle,Basement,Tile,Brick,Well,Septic,Summer,229900.0,264128,34228.0,12.96,264127,34227.0,12.96,-1,-0.0,12.0,8593.0,29.18
PROP_0835,Thompson,Single Family,3,2.0,1080.0,18730.8,57,1,Fair,2,0,0,1,0,1,0,25,20,0,1,0,0,0,5,79,65,12,0,7022,1678,120,1,0,0,0,0,7408,Street,Gas,Central AC,Metal,Slab,Tile,Brick,Municipal,Municipal,Fall,299900.0,338347,38447.0,11.36,338338,38438.0,11.36,-9,-0.0,22.0,16030.0,28.72
PROP_0456,Colchester,Single Family,3,2.0,1600.0,6534.0,51,1,Fair,2,0,1,1,1,0,0,25,20,0,0,0,0,0,7,26,23,9,0,6764,2430,60,1,0,0,0,0,14695,Street,Oil,Window Units,Asphalt Shingle,Basement,Tile,Vinyl Siding,Municipal,Municipal,Summer,379900.0,429972,50072.0,11.65,430040,50140.0,11.66,68,0.02,16.0,20445.0,28.56
PROP_0927,Torrington,Townhouse,4,3.0,1888.0,13939.2,56,2,Fair,3,0,1,0,1,1,0,25,20,0,1,1,439,0,7,59,44,2,0,4912,1778,90,1,0,0,1,0,13720,Driveway,Electric,Central AC,Metal,Basement,Tile,Wood,Municipal,Septic,Winter,324900.0,367734,42834.0,11.65,367586,42686.0,11.61,-148,-0.04,19.0,13966.0,28.42
PROP_0653,Hartford,Single Family,3,2.0,1290.0,10454.4,57,1,Fair,2,0,0,1,1,0,1,25,20,1,1,0,0,0,8,60,59,10,0,3232,1485,20,1,0,0,1,0,7833,Driveway,Gas,Central AC,Asphalt Shingle,Basement,Hardwood,Stucco,Municipal,Municipal,Fall,259900.0,297018,37118.0,12.5,296239,36339.0,12.27,-779,-0.26,12.0,13506.0,28.29
PROP_0548,Waterbury,Single Family,2,2.0,1050.0,8712.0,54,1,Fair,1,0,0,0,0,1,0,19,20,1,0,0,0,0,6,52,48,1,0,3247,817,20,0,0,0,0,1,4837,Garage,Gas,Central AC,Metal,Slab,Carpet,Wood,Well,Municipal,Winter,129900.0,124787,-5113.0,-4.1,150048,20148.0,13.43,25261,20.24,7.0,311.0,28.29
PROP_0030,Woodbury,Townhouse,2,2.0,2434.0,10890.0,57,2,Poor,1,0,0,0,1,1,0,25,20,0,0,0,0,0,6,41,35,2,0,7561,2714,60,1,0,0,0,0,41421,Driveway,Gas,Central AC,Flat,Crawl Space,Hardwood,Stucco,Municipal,Municipal,Winter,429900.0,457095,27195.0,5.95,489979,60079.0,12.26,32884,7.19,16.0,3658.0,28.09
PROP_0324,Danbury,Single Family,3,2.0,1092.0,14810.4,45,1,Fair,2,0,1,0,1,1,1,25,20,0,0,0,0,0,5,68,50,1,0,7103,2570,60,0,0,0,0,1,24566,Garage,Oil,,Asphalt Shingle,Basement,Laminate,Vinyl Siding,Municipal,Municipal,Winter,414900.0,472115,57215.0,12.12,471826,56926.0,12.07,-289,-0.06,11.0,17360.0,28.08
PROP_0468,Enfield,Single Family,3,3.0,1904.0,21780.0,56,2,Fair,2,0,0,1,1,1,1,25,20,0,0,0,0,0,7,77,69,11,0,6659,2053,90,0,0,0,1,0,13655,Driveway,Gas,Central AC,Asphalt Shingle,Basement,Laminate,Stucco,Municipal,Municipal,Fall,319900.0,364731,44831.0,12.29,364700,44800.0,12.28,-31,-0.01,9.0,16145.0,27.97
PROP_0761,West Hartford,Single Family,3,2.0,1654.0,7840.799999999999,48,2,Fair,2,0,1,1,0,1,1,25,20,1,1,0,0,0,8,58,54,9,0,6435,1525,180,0,0,0,0,2,15415,Street,Gas,Window Units,Asphalt Shingle,Slab,Carpet,Stucco,Municipal,Municipal,Summer,279000.0,352338,73338.0,20.81,313015,34015.0,10.87,-39323,-11.16,28.0,3600.0,27.7
PROP_0870,Barkhamsted,Single Family,4,3.0,3080.0,141134.40000000002,46,3,Fair,3,0,0,0,1,1,0,25,20,1,0,0,0,0,7,40,33,2,0,12203,3353,60,0,0,0,0,0,24612,Garage,Gas,,Asphalt Shingle,Slab,Hardwood,Wood,Municipal,Municipal,Winter,515000.0,583158,68158.0,11.69,583141,68141.0,11.69,-17,-0.0,6.0,28529.0,27.43
PROP_0831,Killingly,Single Family,2,1.0,1148.0,121968.0,45,1,Fair,1,0,1,0,1,1,0,20,20,0,1,0,0,0,7,24,21,1,0,6121,1421,30,1,0,0,1,1,9690,Driveway,Gas,Central AC,Asphalt Shingle,Slab,Hardwood,Vinyl Siding,Municipal,Municipal,Winter,249900.0,282397,32497.0,11.51,282332,32432.0,11.49,-65,-0.02,18.0,7742.0,27.35
PROP_0574,Easton,Townhouse,4,2.0,1593.0,40510.8,46,2,Fair,3,0,1,0,1,1,0,17,20,0,0,1,474,1,6,43,40,1,0,6554,2697,30,0,0,0,0,0,18981,Driveway,Heat Pump,Window Units,Asphalt Shingle,Basement,Laminate,Stucco,Municipal,Municipal,Winter,470000.0,533111,63111.0,11.84,533087,63087.0,11.83,-24,-0.0,3.0,29106.0,27.17
PROP_0041,Bridgeport,Townhouse,4,2.0,1500.0,8276.4,58,2,Fair,3,0,0,0,0,0,1,25,20,0,0,1,414,0,5,59,43,5,1,4286,1574,30,0,0,0,1,0,8007,Driveway,Oil,Window Units,Asphalt Shingle,Crawl Space,Laminate,Wood,Municipal,Municipal,Spring,275000.0,313825,38825.0,12.37,313734,38734.0,12.35,-91,-0.03,3.0,15727.0,26.87
PROP_0085,North Haven,Townhouse,4,3.0,2272.0,8712.0,46,1,Fair,3,0,1,0,0,1,1,20,20,0,0,1,147,0,7,40,30,7,1,7828,2928,10,1,0,0,0,0,28814,Garage,Gas,Central AC,Tile,Basement,Hardwood,Vinyl Siding,Municipal,Municipal,Summer,529900.0,596218,66318.0,11.12,596151,66251.0,11.11,-67,-0.01,11.0,22437.0,26.66
PROP_0795,Stamford,Townhouse,4,2.0,2223.0,46173.600000000006,47,2,Fair,3,0,1,0,0,1,1,25,20,1,0,1,175,0,5,50,42,10,0,8193,3780,20,0,0,0,1,0,27493,Carport,Oil,Window Units,Asphalt Shingle,Slab,Tile,Brick,Municipal,Septic,Fall,635000.0,715312,80312.0,11.23,715259,80259.0,11.22,-53,-0.01,2.0,37766.0,26.62
PROP_0376,Putnam,Townhouse,4,2.0,1828.0,38768.4,51,1,Fair,3,0,1,0,0,1,0,15,20,0,1,1,303,0,8,61,53,1,0,4017,1421,10,1,0,0,0,0,4776,Garage,Gas,Central AC,Metal,Basement,Tile,Vinyl Siding,Municipal,Septic,Winter,229000.0,259181,30181.0,11.64,259208,30208.0,11.65,27,0.01,11.0,10432.0,26.54
PROP_0141,Stamford,Single Family,2,3.0,1204.0,8712.0,45,1,Fair,1,0,1,0,1,1,1,17,18,0,0,0,0,0,5,48,44,4,1,7723,2244,10,0,0,0,1,0,8607,Driveway,Electric,Central AC,Asphalt Shingle,Slab,Tile,Vinyl Siding,Municipal,Septic,Spring,345000.0,391965,46965.0,11.98,392007,47007.0,11.99,42,0.01,1.0,23400.0,26.52
PROP_0744,Ridgefield,Condo,2,1.0,640.0,6969.6,52,1,Fair,1,0,0,0,0,0,1,25,20,0,1,1,403,1,6,52,48,6,1,8279,2127,20,0,0,0,1,0,15604,Street,Gas,Central AC,Asphalt Shingle,Crawl Space,Hardwood,Stucco,Well,Septic,Spring,335000.0,381737,46737.0,12.24,381729,46729.0,12.24,-8,-0.0,2.0,16125.0,26.49
PROP_0412,New Britain,Single Family,3,3.0,1130.0,15245.999999999998,50,1,Fair,2,0,0,1,0,1,0,25,20,0,1,0,0,0,8,79,64,8,1,6282,1811,10,0,0,0,0,0,13184,Garage,Gas,Central AC,Metal,Slab,Laminate,Vinyl Siding,Well,Septic,Summer,279900.0,319889,39989.0,12.5,319800,39900.0,12.48,-89,-0.03,1.0,11716.0,26.33
PROP_0253,Monroe,Single Family,2,2.0,2066.0,8712.0,49,2,Fair,1,0,1,0,1,1,1,17,20,0,1,0,0,0,6,69,59,7,1,7124,3543,120,0,0,0,1,0,26511,Driveway,Oil,Central AC,Tile,Basement,Hardwood,Vinyl Siding,Well,Municipal,Summer,549900.0,615941,66041.0,10.72,615884,65984.0,10.71,-57,-0.01,12.0,24473.0,26.27
PROP_0051,East Granby,Townhouse,3,2.0,1228.0,16988.4,52,1,Fair,2,0,0,0,1,1,1,16,20,1,0,0,0,0,7,62,49,2,0,6052,1552,30,1,0,0,1,0,7912,Driveway,Heat Pump,Central AC,Asphalt Shingle,Crawl Space,Laminate,Stucco,Municipal,Municipal,Winter,274900.0,309637,34737.0,11.22,309422,34522.0,11.16,-215,-0.07,13.0,11610.0,26.08
PROP_0508,Bridgeport,Single Family,5,2.0,3426.0,4356.0,55,2,Fair,3,0,1,1,1,0,1,25,20,1,1,0,0,0,6,70,52,11,0,5470,2231,20,0,0,0,0,0,20283,Garage,Gas,Central AC,Asphalt Shingle,Basement,Tile,Brick,Well,Municipal,Fall,339000.0,386338,47338.0,12.25,386256,47256.0,12.23,-82,-0.02,2.0,11973.0,26.06
PROP_0076,Wolcott,Single Family,3,3.0,2830.0,82764.0,50,2,Poor,2,1,1,0,1,0,0,25,20,1,1,0,0,0,7,55,41,6,1,11013,2722,30,2,0,0,0,0,33525,Street,Gas,Central AC,Asphalt Shingle,Slab,Hardwood,Wood,Municipal,Municipal,Spring,479000.0,507521,28521.0,5.62,533995,54995.0,10.3,26474,5.22,23.0,6470.0,25.85
PROP_0377,Southington,Single Family,3,1.0,1072.0,12196.8,56,1,Fair,2,0,0,0,1,0,0,24,20,1,1,0,0,0,7,45,32,3,0,4768,1560,120,0,0,0,0,1,14130,Street,Gas,Window Units,Asphalt Shingle,Crawl Space,Hardwood,Vinyl Siding,Well,Municipal,Winter,248900.0,271181,22281.0,8.22,279782,30882.0,11.04,8601,3.17,17.0,1752.0,25.66
PROP_0063,Willington,Single Family,3,2.0,1002.0,97574.4,45,1,Fair,2,0,0,0,0,1,0,25,20,0,0,0,0,0,9,31,28,10,0,3169,1429,30,2,0,0,0,0,10150,Driveway,Heat Pump,Central AC,Flat,Slab,Carpet,Vinyl Siding,Municipal,Municipal,Fall,229000.0,258829,29829.0,11.52,255437,26437.0,10.35,-3392,-1.31,23.0,1287.0,25.43
PROP_0086,Lisbon,Single Family,3,2.0,1170.0,21780.0,48,1,Fair,2,0,1,1,0,1,0,18,20,1,1,0,0,0,6,100,88,6,1,6308,1992,90,0,0,0,1,1,8516,Street,Electric,Window Units,Asphalt Shingle,Crawl Space,Tile,Vinyl Siding,Municipal,Municipal,Spring,309900.0,304628,-5272.0,-1.73,346483,36583.0,10.56,41855,13.74,14.0,13067.0,25.23
PROP_0648,North Canaan,Single Family,3,2.0,1620.0,15245.999999999998,53,1,Fair,2,0,0,0,1,1,1,25,20,1,0,0,0,0,7,27,23,7,1,5699,1699,30,0,0,0,1,1,14161,Garage,Gas,,Asphalt Shingle,Crawl Space,Tile,Stucco,Municipal,Municipal,Summer,299000.0,337646,38646.0,11.45,337086,38086.0,11.3,-560,-0.17,8.0,8925.0,25.09
PROP_0930,Bristol,Townhouse,2,2.0,1020.0,8712.0,48,1,Fair,1,0,0,0,1,1,1,16,20,1,0,1,329,0,7,58,54,9,0,2240,917,30,0,0,0,1,0,6922,Street,Heat Pump,Central AC,Tile,Crawl Space,Carpet,Vinyl Siding,Well,Municipal,Summer,166000.0,189079,23079.0,12.21,189037,23037.0,12.19,-42,-0.02,3.0,1115.0,25.09
PROP_0373,Milford,Single Family,2,2.0,1006.0,8712.0,58,1,Fair,1,0,0,1,0,1,1,25,20,1,0,0,0,0,7,100,87,8,1,5770,1909,90,1,0,0,1,0,17953,Street,Oil,Central AC,Metal,Slab,Laminate,Brick,Municipal,Municipal,Summer,299700.0,335038,35338.0,10.55,334919,35219.0,10.52,-119,-0.04,19.0,2266.0,25.07
PROP_0467,New Haven,Single Family,6,3.0,3207.0,16988.4,49,2,Fair,3,0,1,0,0,1,1,25,20,1,0,0,0,0,8,100,88,2,0,5365,1728,20,0,0,0,1,1,11276,Driveway,Gas,Central AC,Asphalt Shingle,Slab,Tile,Vinyl Siding,Well,Municipal,Winter,280000.0,315446,35446.0,11.24,315472,35472.0,11.24,26,0.01,7.0,9196.0,24.8
PROP_0233,East Hampton,Single Family,4,3.0,1767.0,54450.0,51,2,Fair,3,0,1,0,0,1,0,25,20,0,1,0,0,0,8,57,44,1,0,5661,1394,20,0,0,0,0,0,9447,Garage,Electric,Central AC,Asphalt Shingle,Slab,Carpet,Brick,Municipal,Municipal,Winter,239900.0,270928,31028.0,11.45,270949,31049.0,11.46,21,0.01,2.0,6602.0,23.98
PROP_0272,Bethel,Single Family,3,3.0,2100.0,8712.0,56,2,Fair,2,0,0,1,0,1,0,25,20,0,0,0,0,0,9,35,26,7,1,11493,3418,10,0,0,0,0,0,19797,Street,Heat Pump,,Asphalt Shingle,Basement,Tile,Wood,Municipal,Municipal,Summer,556995.0,621253,64258.0,10.34,621284,64289.0,10.35,31,0.0,1.0,29492.0,23.85
PROP_0710,Montville,Townhouse,3,2.0,1080.0,12196.8,45,1,Fair,2,0,0,0,1,1,1,25,20,1,0,0,0,0,7,17,12,9,0,3864,1745,60,1,0,0,1,0,16231,Driveway,Gas,Window Units,Asphalt Shingle,Slab,Hardwood,Brick,Municipal,Municipal,Summer,289900.0,322574,32674.0,10.13,322483,32583.0,10.1,-91,-0.03,16.0,1352.0,23.54
PROP_0339,Southington,Single Family,3,2.0,1296.0,24393.6,52,1,Fair,2,0,0,1,0,1,0,16,20,1,0,0,0,0,8,69,58,10,0,6638,1730,20,0,0,0,0,0,10795,Driveway,Gas,Window Units,Asphalt Shingle,Slab,Carpet,Brick,Municipal,Septic,Fall,304000.0,341177,37177.0,10.9,340978,36978.0,10.84,-199,-0.06,2.0,11183.0,23.2
PROP_0343,Woodbridge,Condo,2,2.0,935.0,16988.4,50,1,Fair,1,0,1,0,1,0,1,25,20,0,0,1,430,0,7,46,43,10,0,8299,2498,20,0,0,0,0,0,20582,Driveway,Gas,Central AC,Metal,Slab,Carpet,Vinyl Siding,Municipal,Municipal,Fall,389900.0,436966,47066.0,10.77,436986,47086.0,10.78,20,0.0,2.0,11504.0,23.11
PROP_0225,Deep River,Single Family,3,2.0,2130.0,142005.59999999998,51,2,Fair,2,0,0,0,1,0,0,18,20,0,0,0,0,0,6,81,58,6,1,5307,1571,20,1,0,0,1,0,10079,Garage,Gas,Central AC,Asphalt Shingle,Basement,Carpet,Vinyl Siding,Municipal,Municipal,Spring,239900.0,266490,26590.0,9.98,266544,26644.0,10.0,54,0.02,12.0,1565.0,22.56
PROP_0838,Watertown,Single Family,3,3.0,1496.0,42688.8,53,1,Fair,2,0,0,0,1,1,1,25,20,0,0,0,0,0,7,39,29,9,0,6243,1840,10,0,0,0,0,0,11677,Carport,Gas,Window Units,Asphalt Shingle,Basement,Carpet,Wood,Municipal,Septic,Summer,299900.0,334415,34515.0,10.32,334718,34818.0,10.4,303,0.09,1.0,8141.0,21.81
PROP_0852,Meriden,Single Family,2,2.0,1412.0,9147.6,50,1,Fair,1,0,1,1,1,1,0,25,20,0,1,0,0,0,6,59,52,7,1,4483,1230,60,0,0,0,1,0,6866,Garage,Electric,Window Units,Tile,Slab,Tile,Vinyl Siding,Municipal,Septic,Summer,199900.0,222632,22732.0,10.21,222430,22530.0,10.13,-202,-0.09,6.0,664.0,21.53
PROP_0995,Middletown,Single Family,4,2.0,2995.0,6098.400000000001,64,2,Poor,3,0,0,0,0,1,1,25,20,0,1,0,0,0,6,46,39,10,0,4935,1818,10,0,0,0,0,0,15719,Garage,Gas,Central AC,Metal,Slab,Hardwood,Vinyl Siding,Municipal,Municipal,Fall,280000.0,256458,-23542.0,-9.18,312869,32869.0,10.51,56411,22.0,1.0,2150.0,21.44
